новости,1521
за,826
проект,2092
от,1665
ютуб,2987
канала,1036
по,1792
вопросам,475
рекламы,2238
ссылка,2556
для,699
этот,2978
канал,1035
всем,495
привет,2011
последнее,1934
время,488
новостей,1520
не,1469
так,2650
много,1336
но,1513
уверен,2755
что,2937
вы,516
нашим,1465
поэтому,1960
написать,1422
тему,2690
именно,953
вам,371
какой,1031
хотите,2862
увидеть,2758
завтра,832
если,794
то,2706
буду,336
снова,2463
вами,372
ролик,2266
между,1276
ufc,204
первым,1744
на,1391
года,578
об,1546
этом,2976
сообщил,2499
менеджер,1280
процентов,2117
его,784
следующий,2424
будет,332
против,2112
заявил,878
разработке,2182
пока,1847
нет,1493
даты,639
хочет,2866
декабре,663
прошлого,2125
всю,503
итогам,1006
пяти,2145
которой,1138
двое,648
результат,2227
47,77
их,1009
третий,2735
со,2464
48,78
46,76
американский,255
пол,1860
победы,1797
думаю,777
хотя,2864
бы,345
один,1599
он,1623
может,1354
своей,2332
кого,1083
угодно,2759
люди,1236
почти,1957
каждый,1020
день,677
моему,1352
ему,792
советы,2478
вышел,545
вместо,444
него,1472
выйдет,526
тоже,2714
из,938
другого,766
все,491
равно,2161
быстро,354
слишком,2425
этого,2974
парня,1729
сказал,2406
ваш,376
прогноз,2066
данный,634
михаил,1325
александра,249
российский,2272
стало,2571
известно,940
том,2717
бывшего,347
сейчас,2364
проблемы,2056
хочу,2869
ничего,1512
говорить,573
потому,1953
знаю,907
такая,2651
информация,985
очень,1713
чтобы,2939
состоянии,2513
здоровья,889
нужно,1540
как,1024
только,2716
появится,1964
тогда,2712
можно,1357
чем,2917
всё,505
интервью,972
напомним,1424
2019,40
уже,2767
первом,1740
когда,1082
александр,248
без,281
труда,2739
после,1932
над,1399
провел,2059
самый,2318
вне,445
зависимости,830
того,2713
ситуации,2400
четыре,2926
подряд,1831
наконец,1413
который,1143
делает,668
вокруг,469
меня,1285
представляет,1995
однако,1602
нельзя,1484
считать,2642
просто,2109
путь,2141
держать,684
это,2973
сделать,2354
самым,2319
мира,1321
me,173
портал,1925
лечение,1189
25,48
февраля,2819
некоторые,1482
которые,1142
были,351
изначально,946
также,2652
предлагаем,1982
выплат,528
почему,1955
2021,42
количество,1089
проведение,2057
раз,2164
2020,41
годом,579
раньше,2194
порядка,1928
1000,14
рамках,2191
эти,2969
услуги,2793
будут,337
соответствии,2503
была,350
было,352
тот,2723
факт,2813
всегда,492
бывает,346
первой,1739
могут,1344
еще,797
больше,312
заместитель,851
директора,697
организации,1642
помощи,1905
министерства,1313
здравоохранения,890
глава,555
государства,596
принял,2030
министра,1316
развития,2170
отчет,1703
деятельности,691
реализации,2204
задач,836
повышение,1800
интернет,979
связи,2346
числе,2929
процессе,2120
проекта,2093
цифровой,2894
основной,1650
которого,1136
всех,498
связанных,2344
проблем,2053
населения,1433
начала,1445
порядке,1929
фонд,2830
качестве,1050
банка,278
ао,266
банк,277
счет,2638
средств,2548
фонда,2831
выплаты,529
лица,1200
деньги,678
24,47
до,709
мая,1272
2022,43
covid,146
19,30
целью,2881
возможность,464
проверки,2062
суммы,2626
заявки,881
получения,1885
провести,2063
получить,1893
информацию,984
сайте,2304
www,216
карту,1044
статистика,2578
или,947
людей,1235
дтп,774
жизни,817
граждан,605
карта,1042
местных,1298
органов,1645
полиции,1870
снижения,2462
мер,1287
анализа,257
решений,2250
страны,2605
посмотреть,1939
комитета,1102
сервис,2370
on,181
your,219
друзей,771
жду,804
подписку,1822
мы,1388
вроде,489
вместе,443
под,1804
твой,2671
новый,1525
новых,1527
твоя,2672
позиция,1843
140,22
лишь,1210
кстати,1171
наверное,1395
твои,2669
ты,2748
нибудь,1498
знаешь,896
подписывайся,1825
правильно,1973
цены,2891
рекламу,2237
тебе,2676
нужен,1538
парень,1728
да,617
сегодня,2359
конечно,1118
первое,1738
апреля,268
моя,1377
оказалась,1615
чём,2943
случайно,2440
во,453
мне,1330
работа,2149
it,169
специалистов,2530
ваши,383
вакансии,363
присылайте,2038
описание,1632
контакты,1122
группе,612
vk,210
com,145
бесплатно,288
требуется,2731
санкт,2321
петербург,1757
ru,191
group,159
ищет,1011
хорошего,2851
вакансию,364
россия,2277
полный,1876
рабочий,2159
навыки,1398
разработчик,2184
200,32
000,1
80,114
150,24
москва,1370
300,55
35,61
100,13
130,20
90,123
180,29
digital,149
250,49
clubhouse,144
медиа,1275
про,2052
русском,2295
возможно,462
ольга,1622
книга,1077
мой,1362
фсб,2841
другие,762
истории,999
андрей,263
ранее,2192
проекте,2094
воскресенье,478
21,44
20,31
00,0
менее,1282
интересные,976
комнаты,1107
ребята,2212
лучше,1214
проекты,2096
совершенно,2474
идут,936
ещё,798
две,644
политике,1864
успел,2794
найти,1410
каждую,1019
меньше,1283
тысячи,2751
человек,2912
началась,1446
одна,1600
самых,2320
интересных,978
кто,1172
такой,2660
зачем,875
российских,2273
фильмов,2824
множество,1338
например,1427
город,588
компания,1112
им,949
задать,835
важные,360
них,1511
вопросы,477
30,54
вариант,373
дня,706
ну,1537
формат,2833
самая,2308
прямо,2131
реальные,2208
тысяч,2750
подписчиков,1824
части,2900
сервиса,2371
сразу,2544
ним,1509
идёт,937
неё,1496
78,112
топ,2720
есть,796
даже,624
пришлось,2050
данные,633
club,143
свой,2339
первый,1743
самой,2312
соцсети,2523
продажа,2076
btc,141
честно,2923
наши,1464
оператор,1630
поддержка,1813
бот,326
отзывы,1681
случай,2439
рук,2285
теперь,2692
официально,1706
соглашение,2483
через,2921
рф,2296
этой,2975
поделиться,1817
такими,2656
пользователей,1894
которое,1137
работу,2156
журналистов,825
своих,2338
продажи,2078
ответ,1666
статьи,2582
сми,2447
читать,2933
делиться,673
ими,956
мир,1320
российской,2275
нашу,1468
страну,2604
всего,493
общества,1583
отношении,1695
россии,2270
одну,1611
другой,768
навсегда,1397
её,799
мировой,1323
политики,1865
же,808
желание,809
ситуацию,2401
ставка,2564
достаточно,744
ли,1191
тех,2695
какую,1033
роль,2267
должна,723
своим,2336
этим,2970
другим,763
красной,1155
известный,941
сергей,2374
каждым,1021
bloomberg,140
сша,2646
решили,2254
санкции,2322
компаний,1110
администрация,234
избежать,939
информации,983
быть,355
пятницу,2146
ожидается,1612
нем,1485
организаций,1643
россией,2269
словам,2428
источников,1004
последние,1935
недели,1476
работы,2157
ввести,388
ей,790
времени,486
власти,440
23,46
смерти,2445
нью,1543
вакцинации,367
коронавируса,1132
поиск,1844
тг,2673
лучших,1218
вк,431
купон,1177
приложение,2019
premium,188
месяц,1300
подписка,1820
год,577
билеты,294
яндекс,2998
плюс,1791
месяца,1301
pro,190
реклама,2234
вп,480
сам,2306
девушек,654
счастья,2637
мечты,1305
жизнь,818
собой,2466
должен,722
сердца,2376
случае,2437
поможет,1903
друзья,772
таки,2653
советую,2477
два,643
важных,362
решения,2251
куда,1173
идти,935
взять,418
by,142
купил,1175
вид,419
большой,319
стала,2569
группы,614
хотят,2865
поставить,1944
будущем,340
руководство,2291
динамо,695
процесс,2118
путин,2139
программу,2071
президент,1999
владимир,437
совместно,2479
представить,1994
предложения,1985
программ,2068
дома,732
смысл,2456
сделки,2355
новые,1524
план,1773
tiktok,200
писал,1760
данным,635
евгений,780
написал,1421
заявление,883
должности,725
которую,1141
марта,1251
вакцины,369
организация,1644
компании,1109
использования,992
ipo,167
главные,560
свои,2335
слова,2427
отношений,1696
ес,793
депутат,680
единой,785
предложил,1986
позиции,1841
партии,1730
price,189
выходит,540
году,580
число,2930
клиентов,1071
цб,2871
впервые,481
назвал,1403
систему,2397
сделали,2352
млн,1327
рынке,2298
большинство,315
этих,2972
депутаты,683
дать,640
права,1967
право,1976
территории,2693
объектов,1587
при,2007
2018,39
подобные,1818
считают,2644
выбор,518
был,349
оказалось,1617
украины,2774
нас,1432
является,2988
оаэ,1545
решил,2252
новым,1526
борьбе,324
премьер,2003
создание,2488
базы,275
вопроса,474
знал,897
кем,1060
второе,509
нашего,1460
яйца,2994
могу,1343
текст,2678
украине,2772
семь,2367
лет,1185
голову,585
руки,2288
понимают,1913
вот,479
дали,628
обсудить,1572
прав,1966
они,1625
рассказать,2199
уровне,2785
безопасности,282
относительно,1693
поддержки,1815
работает,2151
вчера,515
нам,1417
70,103
скоро,2418
розница,2263
опт,1636
ссылке,2557
выше,544
скидки,2413
aliexpress,131
акции,244
сотрудничество,2518
50,80
волос,470
live,170
11,15
руб,2281
13,19
часов,2899
часа,2898
телефон,2682
переход,1750
тинькофф,2702
всей,494
можете,1355
перейти,1749
номер,1529
телефона,2683
получите,1891
рублей,2282
номера,1530
бесплатная,287
600,93
минут,1318
интернета,980
вас,375
неделю,1478
приложении,2020
оформить,1708
здесь,887
xiaomi,217
те,2675
игры,929
рады,2163
схемы,2635
воду,457
обратная,1567
связь,2347
версия,404
власть,441
причина,2043
писали,1761
законопроект,848
торгов,2721
переговоры,1747
ведет,392
поводу,1798
главы,565
принципе,2029
действительно,659
стать,2580
событий,2471
временно,487
вряд,490
официальный,1707
думаете,775
мнение,1331
комментариях,1105
порошенко,1924
стал,2568
заседании,871
якобы,2995
хотели,2859
владимира,438
прямой,2132
экс,2959
тем,2686
временем,485
пресс,2005
секретарь,2365
президента,2000
заявила,879
никаких,1501
хотел,2857
попасть,1918
речь,2247
идет,932
получил,1886
покупке,1857
квартиры,1058
2016,37
уголовное,2761
дело,674
скидкой,2414
свыше,2343
миллиона,1307
гривен,608
этому,2977
проверить,2061
имеется,951
состав,2504
уголовного,2760
преступления,2006
15,23
миллионов,1308
центр,2887
контракт,1125
компанией,1108
павел,1722
депутатов,682
народа,1429
соответственно,2502
членов,2935
должны,727
поддержку,1816
украина,2771
решение,2249
войны,468
новой,1518
администрации,233
принято,2032
стоимость,2589
таких,2657
услуг,2792
согласно,2482
составляет,2509
долларов,728
действовать,661
конца,1129
ее,788
составит,2508
более,308
результате,2229
трех,2736
других,765
блок,306
частности,2901
такое,2659
провели,2060
программы,2072
готовы,602
одним,1604
лидеров,1197
пошли,1959
слухи,2436
помимо,1898
цель,2880
2017,38
акций,245
считается,2641
де,651
офисе,1705
необходимости,1489
наш,1457
вижу,429
каналы,1039
особенно,1654
источник,1002
ведь,393
тяжело,2752
хоть,2863
правда,1968
интересно,974
хорошо,2856
петербурге,1759
вновь,450
попал,1917
второй,510
понедельник,1908
причиной,2045
размере,2175
60,92
дней,701
10,12
сроки,2553
благодаря,300
чему,2920
списке,2533
нарушение,1430
ноября,1535
список,2534
долг,720
занимается,853
доме,733
следует,2421
несколько,1491
регионов,2217
регионах,2215
такие,2654
области,1553
среди,2545
область,1554
занимает,852
положение,1877
стране,2602
накануне,1412
конкурса,1120
мероприятий,1290
16,26
заявили,880
требования,2729
навального,1393
алексея,251
дмитрий,700
наше,1459
отношение,1694
оно,1627
дела,666
нашей,1461
точки,2725
зрения,914
приводит,2013
наличии,1415
вопросов,476
властей,439
выйти,527
совета,2476
европы,783
алексей,250
навальный,1394
соцсетях,2524
сообщает,2492
период,1754
17,27
января,2997
момента,1366
имя,957
путина,2140
месте,1296
втором,511
18,28
место,1299
52,84
сеть,2384
поток,1951
автомобилей,225
открытия,1684
района,2188
олег,1621
ограничения,1594
города,589
планы,1781
опыт,1638
транспорта,2728
там,2664
обязательно,1591
каждому,1018
ежедневно,789
около,1620
движение,646
го,568
сообщили,2501
кроме,1163
ближайшие,302
ждать,801
вечера,411
утра,2801
работ,2148
сетей,2382
улице,2776
государственной,598
запрос,860
встрече,500
ответственности,1669
будто,335
политической,1868
системе,2396
ждут,805
результатов,2230
ответственность,1670
кпрф,1149
кампании,1034
выборы,521
пройти,2102
высокой,537
входит,514
которая,1135
выборах,519
значит,905
минимум,1312
450,75
учитывая,2811
она,1624
максимально,1244
40,68
петербурга,1758
стоимости,2588
человека,2913
ночь,1533
ночи,1532
начинается,1454
пациентов,1735
пишет,1768
издание,942
одного,1607
сотрудников,2516
спокойно,2535
удалось,2762
немного,1486
иногда,966
приходится,2040
работать,2153
ставки,2565
вторая,506
чат,2906
любым,1232
материалы,1261
целях,2882
линии,1198
ссср,2555
плане,1776
стоит,2590
26,50
кв,1052
главного,558
штаба,2955
площади,1789
техника,2696
военных,459
разработки,2183
армии,270
группа,611
районе,2190
китай,1064
канале,1037
самые,2317
свежие,2324
ближайшее,301
сделано,2353
смогут,2450
получать,1883
двумя,649
средства,2549
основная,1649
задача,837
дополнительных,737
вакцин,366
120,18
региона,2214
киев,1061
киеве,1062
памяти,1724
честь,2924
сотни,2514
церкви,2892
прошли,2123
пишите,1770
почту,1958
встречи,501
москве,1371
защитника,876
отечества,1678
выходные,542
москву,1372
столицы,2592
22,45
вторник,507
программе,2070
игр,919
мини,1311
москвы,1373
меню,1284
кафе,1048
покупки,1858
переходите,1753
сайт,2302
обращайтесь,1569
ул,2775
офис,1704
дорогие,740
служба,2433
любое,1227
обмен,1556
онлайн,1626
сервисы,2373
питание,1765
места,1294
vip,209
ваша,377
популярных,1921
сочи,2525
туда,2743
себе,2356
обнаружили,1558
своего,2331
значения,904
друг,760
другу,770
любви,1219
событиях,2473
субботу,2618
приобрести,2034
нашем,1462
стали,2570
состоится,2511
мск,1379
сутки,2629
регионе,2216
сильно,2393
воды,458
краснодар,1154
настоящее,1436
принимает,2027
режиме,2225
находится,1441
полной,1873
всеми,496
работают,2154
создали,2486
двух,650
работе,2155
однажды,1601
вся,504
семья,2369
тур,2744
таком,2661
мама,1247
дети,689
местах,1295
оказывается,1619
большим,314
ко,1081
любите,1221
друга,761
наших,1466
рано,2193
поздно,1838
условиях,2791
производства,2097
обращаться,1570
нового,1516
стран,2599
которых,1146
федерации,2821
числа,2928
где,552
очередь,1715
курсе,1180
моей,1351
мало,1246
матче,1265
перед,1748
сложно,2431
статья,2584
уж,2766
цвета,2873
вообще,472
надо,1401
давайте,619
вызывает,525
никакой,1503
фоне,2832
прям,2130
настолько,1435
прекрасно,2001
точно,2726
каком,1032
другом,769
нужна,1539
цена,2884
оплата,1633
сумма,2624
rub,192
добрый,715
менеджеры,1281
400,69
гр,603
лук,1212
шт,2954
500,81
мл,1326
ст,2561
добавить,711
сверху,2325
образования,1565
соль,2491
открыть,1685
красный,1156
затем,872
руками,2286
оставить,1656
сначала,2457
черный,2922
минуты,1319
красиво,1152
удобно,2765
буквально,343
белый,286
75,109
продукты,2090
кожи,1086
собрать,2468
далее,626
вкус,435
основатель,1647
адрес,235
бота,327
стрим,2610
видео,423
эфир,2980
тут,2747
политику,1866
мысли,1389
различных,2173
начиная,1456
часть,2903
общая,1577
др,757
своем,2333
спорт,2536
бесплатные,289
прогнозы,2067
события,2472
промокоду,2105
5000,82
бк,299
ставим,2562
ставку,2566
получаете,1880
бонус,321
промокод,2104
95,126
55,87
смогли,2449
победа,1794
хоккей,2849
рекламе,2235
коронавирус,1131
админ,232
три,2737
33,59
станут,2575
новую,1523
название,1404
составе,2505
степени,2585
руководитель,2289
центра,2888
вакцинация,368
месяцев,1302
жителей,821
уровень,2784
пандемии,1726
вырос,531
65,98
показатель,1851
составил,2506
авто,223
подписывайтесь,1826
экспресс,2963
пиши,1769
сюда,2648
пк,1772
доставка,742
приглашаем,2014
размещения,2177
комплект,1114
32,58
тыс,2749
сум,2623
64,97
фото,2838
актуальные,243
абсолютно,221
подарок,1806
крутые,1170
никогда,1504
остальные,1661
подробности,1830
смотрите,2455
интернете,981
комплекте,1115
документы,719
супер,2627
цене,2886
разные,2178
14,21
36,63
43,72
срочно,2554
состояние,2512
целом,2878
отлично,1689
97,127
память,1725
приглашения,2015
денег,676
городе,590
главное,559
отзывов,1680
34,60
английском,262
видно,428
хороший,2855
любой,1228
рейтинг,2233
материалов,1260
цветов,2874
использовать,993
инструменты,971
курса,1179
тест,2694
старт,2577
обучения,1575
сможете,2452
писать,1762
приложения,2022
данных,636
большие,313
четверг,2925
будем,331
роста,2280
of,180
инвестиций,961
приложений,2021
бизнесе,293
себя,2357
ios,165
заранее,867
записи,857
свою,2340
зп,913
практики,1980
качества,1049
людям,1238
другими,764
мире,1322
авторы,229
вещи,414
эту,2979
проблему,2055
красивые,1153
кофе,1147
потом,1952
купить,1176
занятия,855
принять,2033
насколько,1434
самом,2313
деле,672
общество,1585
помочь,1904
89,122
документов,718
одном,1609
сумму,2625
срок,2552
ожидания,1613
примерно,2024
практика,1979
самостоятельно,2315
разобраться,2180
какие,1026
меры,1292
нужны,1541
делать,669
республика,2242
платформе,1785
край,1150
условия,2790
подробнее,1828
представители,1992
марафон,1249
мероприятие,1289
лучшие,1216
которыми,1145
серия,2381
сбор,2323
оценка,1710
групп,610
участие,2805
полностью,1874
январе,2996
правительство,1975
хорошая,2850
новость,1522
создания,2489
инфраструктуры,986
виде,420
формы,2837
типа,2704
регион,2213
доступен,747
искусство,989
единственный,786
2000,33
нём,1544
проектов,2095
детей,688
школа,2949
культуры,1174
помогает,1900
понять,1916
историю,1000
риа,2256
опытом,1640
интересный,977
подход,1832
отличная,1688
мастер,1258
книг,1076
помощь,1906
заявления,884
подготовка,1808
бизнес,291
плана,1774
поддержке,1814
участия,2806
12,17
каждой,1016
участников,2808
процесса,2119
создан,2487
комплекс,1113
управление,2781
система,2395
команды,1098
реальность,2207
акцию,246
спасибо,2526
вещей,413
дню,705
говорят,576
можем,1353
идеи,930
используют,994
82,117
world,215
41,70
просмотров,2108
помощью,1907
такую,2663
директор,696
председатель,1989
комиссии,1099
развитию,2169
каждое,1015
пользу,1897
родителей,2260
важно,358
развитие,2168
любого,1226
продукта,2088
такого,2658
сказала,2407
решить,2255
программа,2069
обеспечить,1550
разных,2179
мог,1340
участники,2807
специалисты,2531
делают,671
узнать,2769
сообщество,2498
школу,2951
фильм,2822
посмотрите,1941
внимания,448
жители,822
дом,731
платформы,1786
менять,1286
будущего,338
проведения,2058
арт,271
успешно,2798
социальных,2522
привлечь,2012
рабочих,2160
бизнеса,292
предлагает,1983
3d,67
предложить,1987
изменения,944
модели,1346
сообщества,2497
экспертов,2961
наиболее,1408
money,174
telegram,196
первая,1736
тотал,2724
кф,1183
сити,2399
обе,1548
начале,1447
победу,1796
этап,2968
команда,1094
розыгрыш,2264
итоги,1008
чтоб,2938
участвовать,2804
кнопку,1080
ниже,1499
новая,1514
код,1084
давно,622
рубля,2284
вывод,523
систем,2394
заказать,842
вход,512
whatsapp,213
instagram,164
facebook,152
почта,1956
iphone,166
android,134
крутой,1169
тебя,2677
зовут,909
45,74
решила,2253
пойти,1846
происходит,2100
страшно,2609
хотела,2858
руку,2292
дверь,645
та,2649
хочешь,2868
моих,1361
мной,1339
обратно,1568
дал,625
вернуться,399
комнату,1106
можешь,1356
нему,1487
страх,2608
твоих,2670
вдруг,389
тобой,2707
этими,2971
собственно,2469
каким,1027
голос,586
начал,1444
встречу,502
газ,549
оказались,1616
возле,461
школы,2952
пэйтон,2144
сколько,2416
будешь,334
сама,2307
дальше,629
последнего,1933
книги,1078
вышла,546
ни,1497
машину,1270
домой,735
час,2897
долго,721
готова,601
разговор,2171
какая,1025
большая,311
сделала,2351
пожалуйста,1835
взгляд,416
чуть,2942
кому,1116
ближе,303
говорил,569
пару,1733
машины,1271
внимание,447
лиц,1199
чего,2909
твоей,2668
ответил,1667
взял,417
вечер,410
понял,1914
прошла,2122
этаж,2967
вашу,386
свет,2326
моего,1350
важное,359
делаем,667
начало,1449
утро,2802
глаза,567
многих,1335
смотреть,2453
свое,2330
пора,1923
пара,1727
мать,1268
хорошее,2852
настроение,1438
факты,2816
внутри,452
вниз,446
думать,776
хотелось,2860
рядом,2301
дороги,739
совсем,2481
класс,1066
активно,238
заниматься,854
мужчина,1382
член,2934
мои,1360
назад,1402
люблю,1223
серии,2379
конец,1117
момент,1365
компанию,1111
другое,767
отца,1702
отец,1677
прошло,2124
кажется,1022
всему,497
осталось,1659
хочется,2867
своём,2342
резко,2226
понимаю,1912
вышли,547
нормально,1531
задержали,839
нее,1480
тому,2718
комиссия,1100
максим,1243
находятся,1442
похоже,1954
слово,2430
часто,2902
суда,2620
живут,816
рассказывает,2200
бывший,348
владелец,436
оказался,1618
закона,847
узнаете,2768
реально,2205
первых,1745
начали,1448
искать,987
создать,2490
поколения,1854
влияние,442
apple,135
говорится,572
вопрос,473
последний,1936
соц,2520
сетях,2385
сами,2309
знаете,895
98,128
могли,1342
76,110
инвестировать,959
хватит,2846
столько,2593
варианты,374
автор,228
жить,823
заработок,866
футбол,2843
матчей,1266
апл,267
лига,1193
матчи,1267
евро,781
ссылку,2560
челси,2916
юнайтед,2985
результаты,2231
получила,1887
группу,613
суде,2621
39,66
летний,1187
женщина,813
итоге,1007
суд,2619
управлять,2783
грн,609
случилось,2442
платить,1783
дохода,752
доходы,755
экономики,2958
придется,2017
рекомендую,2240
ребят,2211
подписаться,1819
забывайте,829
рынка,2297
технологий,2699
современных,2480
намного,1419
проще,2129
являются,2989
мест,1293
людьми,1237
знаем,893
продолжаем,2081
изменить,945
различные,2172
читайте,2932
несмотря,1492
график,607
будь,341
будете,333
таким,2655
образом,1566
возможности,463
сфере,2633
котором,1139
использование,991
включая,433
счастье,2636
министр,1315
одновременно,1606
51,83
игру,928
игра,920
эта,2966
успех,2796
разработка,2181
политика,1863
цен,2883
инструмент,969
цену,2890
предприятия,1988
выручка,534
зависит,831
товара,2709
торговли,2722
остается,1657
данного,630
ремонт,2241
товары,2711
шесть,2948
спроса,2540
товаров,2710
правил,1970
изменений,943
производство,2098
продукции,2091
готов,600
основные,1652
стратегии,2606
прибыль,2009
стратегия,2607
учетом,2810
следующие,2423
направления,1426
товар,2708
скидками,2412
вашего,379
задачи,838
трудно,2740
необходимо,1488
правила,1971
постоянно,1947
финансовый,2828
правду,1969
финансовых,2829
показать,1852
примеры,2026
своими,2337
германии,553
принимать,2028
действия,660
знает,894
потенциал,1949
безопасность,283
мнению,1332
коллег,1090
знают,908
понимать,1911
достижения,745
стиле,2586
редко,2222
главу,564
которому,1140
основе,1648
пример,2023
вернулся,397
добиться,712
успеха,2797
легко,1184
даст,637
зоны,912
проблема,2054
обязанности,1590
используя,995
стороны,2597
сильнее,2392
ошибки,1717
конце,1130
команде,1095
развиваться,2167
настоящий,1437
отношения,1697
имеет,950
коллектив,1092
причем,2041
деятельность,692
существует,2632
фактически,2814
весь,408
называется,1406
какого,1029
либо,1192
наличие,1414
большого,317
количества,1088
сотрудники,2515
остаются,1664
силы,2391
некоторых,1483
случаях,2441
рабочие,2158
правило,1972
факту,2815
внимательно,449
прежде,1997
ваших,385
отличный,1690
black,139
многое,1337
скорее,2417
любовь,1224
обои,1561
лучший,1217
раза,2165
глаз,566
метров,1304
девочки,653
in,163
схема,2634
700,104
цвет,2872
переходи,1751
you,218
we,212
the,199
us,206
to,201
online,183
is,168
free,154
инвестиции,960
личные,1206
2015,36
аккаунта,237
дают,641
получаем,1878
переходим,1752
продавать,2073
бонусы,322
отправить,1699
перевод,1746
первого,1737
чате,2907
go,156
3000,56
регистрация,2220
монеты,1368
binance,137
usdt,208
подписки,1821
помните,1899
вашей,380
цели,2877
главный,561
человеком,2914
спать,2527
сделал,2350
получится,1892
любит,1220
одно,1605
идей,931
подпишись,1827
кг,1059
прямом,2133
эфире,2981
показывает,1853
покупать,1856
сезоне,2363
модель,1347
ряд,2300
см,2444
размер,2174
37,64
38,65
течение,2700
заказа,841
турции,2745
материал,1259
сезон,2361
350,62
youtube,220
начинают,1455
полиция,1871
слов,2426
теме,2688
режим,2223
выпуск,530
ситуация,2402
прежнему,1998
стоят,2598
рассказал,2196
испании,990
ваше,378
смог,2448
остались,1658
снега,2460
сообщение,2494
марте,1252
27,51
феврале,2817
ссылки,2558
скидку,2415
течении,2701
первые,1742
ней,1481
получат,1882
названием,1405
больших,316
входа,513
информацией,982
каналов,1038
аналитика,258
недавно,1473
многие,1334
обновление,1559
получили,1888
забрать,828
продать,2080
появилась,1961
ищем,1010
поиска,1845
примеру,2025
пост,1942
крайне,1151
ибо,916
премиум,2002
класса,1067
останется,1663
поста,1943
условий,2789
поздравляю,1839
google,158
from,155
позже,1840
растет,2201
комментарии,1103
видели,422
сети,2383
иван,917
заработать,864
ищу,1012
начинаем,1452
коэффициент,1148
оплаты,1635
лс,1211
студентов,2615
проходить,2115
формате,2834
данном,632
and,133
with,214
for,153
all,132
2013,34
конкурс,1119
позицию,1842
управления,2782
контроля,1127
риск,2257
первую,1741
базе,274
продуктов,2089
клиента,1068
последних,1937
курсов,1181
образование,1564
понимание,1910
умение,2778
процессы,2121
знания,901
общения,1582
вести,407
языка,2992
резюме,2232
вечером,412
жк,824
район,2187
28,52
планируют,1780
пр,1965
отметил,1691
строительство,2613
армении,269
сотрудничества,2517
ресурсов,2245
причине,2044
книгу,1079
личку,1202
понимает,1909
души,779
интерес,973
говорю,574
специально,2532
вышло,548
мое,1349
фотографии,2839
слушать,2443
музыку,1386
ждёт,807
инстаграм,968
мужчин,1381
огонь,1592
ощущение,1719
женщин,812
аллаха,253
аллах,252
аль,254
самому,2314
получит,1890
студии,2616
vs,211
подписчики,1823
gold,157
святого,2348
валентина,370
доступно,749
новое,1517
задание,833
будьте,342
телеграмм,2681
лучшее,1215
игроков,927
новом,1519
пишем,1767
запись,858
комментарий,1104
usd,207
скажу,2405
победителей,1795
мин,1310
полная,1872
88,121
ждем,802
29,53
31,57
new,177
42,71
44,73
49,79
53,85
that,198
54,86
56,88
57,89
58,90
59,91
61,94
62,95
63,96
66,99
67,100
68,101
69,102
71,105
72,106
73,107
74,108
77,111
79,113
81,116
83,118
85,119
87,120
моменты,1367
юрий,2986
промо,2103
регистрацию,2219
регистрации,2218
ровно,2259
баланс,276
запустить,862
поддержать,1810
вашему,382
московского,1374
игре,923
постепенно,1945
игроки,926
второго,508
каждого,1014
мере,1288
молодой,1363
весьма,409
набор,1392
дроп,759
приятно,2051
девочка,652
давай,618
играть,922
промокоды,2106
подарки,1805
прайс,1978
техники,2697
пункт,2136
магазин,1239
скидка,2411
обычно,1589
часы,2905
действует,662
шанс,2946
самое,2311
обувь,1573
любые,1231
получается,1881
одежда,1597
автоматически,224
акция,247
вашем,381
системы,2398
вода,455
800,115
заказе,843
новинки,1515
курсы,1182
хорошей,2853
подборка,1807
одежды,1598
странице,2603
любых,1233
практически,1981
успели,2795
значительно,906
02,4
полную,1875
ценам,2885
заказ,840
любую,1230
душа,778
огромный,1596
отдыха,1676
появились,1962
магазине,1241
выбрать,522
покупку,1859
счёт,2645
дни,703
крупные,1166
продукт,2087
праздник,1977
красоты,1157
нашли,1467
даёт,642
love,171
моделей,1345
бренда,330
собрали,2467
основном,1651
человеку,2915
900,124
магазина,1240
действие,657
хорошие,2854
одни,1603
максимум,1245
форму,2836
выбирать,517
небольшой,1470
чай,2896
предложение,1984
естественно,795
решать,2248
роли,2265
индустрии,965
никто,1508
никого,1505
моды,1348
уроки,2788
нескольких,1490
дочь,756
итак,1005
прошлом,2127
сделает,2349
остался,1660
аниме,265
09,11
выглядит,524
видеть,424
коллеги,1091
губернатора,616
главе,556
пять,2147
каждом,1017
бюджета,357
должность,726
андрея,264
пытается,2142
особо,1655
дел,665
летнего,1186
ук,2770
свободы,2329
ск,2404
вакансия,365
руководителя,2290
опыта,1639
зарплата,868
сохранить,2519
версии,402
городской,592
заседание,870
попробовать,1920
которым,1144
явно,2990
появился,1963
вполне,482
видим,425
руках,2287
ооо,1628
сайта,2303
матча,1263
оценки,1711
матч,1262
финала,2826
лиги,1195
гол,582
тренер,2734
николай,1506
дает,623
выхода,539
круг,1164
протяжении,2113
важный,361
мнения,1333
добавил,710
порядок,1930
возрасте,466
заболевания,827
ходе,2847
протеста,2111
полицейские,1869
силу,2390
общей,1579
сложности,2432
метро,1303
млрд,1328
большое,318
произошло,2099
зарплаты,869
государство,599
оплату,1634
запрет,859
сезона,2362
планируется,1779
море,1369
родители,2261
чаще,2908
оба,1547
гораздо,587
будущее,339
уведомления,2753
клуб,1072
днях,707
депозит,679
бесплатный,290
чемпионат,2918
сообщения,2496
лично,1203
играет,921
банки,279
ставить,2563
счета,2639
контент,1123
ставок,2567
кино,1063
здания,886
тема,2687
ждет,803
строительства,2612
главных,563
проходят,2116
трёх,2741
понятно,1915
летом,1188
просмотра,2107
последствия,1938
молодых,1364
пройдет,2101
встреча,499
стол,2591
мероприятия,1291
английский,261
турция,2746
бренд,329
качество,1051
размеры,2176
утром,2803
эффект,2982
вовсе,454
пути,2138
мвд,1273
станции,2576
национальной,1443
обращения,1571
республики,2244
рассказали,2198
детям,690
службе,2434
вице,430
премьера,2004
уровня,2786
снижение,2461
случаев,2438
коронавирусом,1133
выходных,543
одной,1608
спутник,2542
строго,2611
агентство,231
исследования,998
рост,2279
годы,581
объем,1588
республике,2243
эксперты,2962
депутата,681
края,1158
работал,2152
2014,35
губернатор,615
районах,2189
спустя,2541
правительства,1974
общего,1578
режима,2224
блог,305
мужчины,1384
женщины,814
говорили,570
означает,1614
наоборот,1420
должно,724
длина,698
боль,310
нарушения,1431
получает,1879
секс,2366
вверх,387
движения,647
любовью,1225
пары,1734
семьи,2368
регулярно,2221
своему,2334
называют,1407
отношениях,1698
анализ,256
обмена,1557
знаний,900
биржа,295
планирует,1778
крупнейших,1165
международных,1278
иностранных,967
инвесторы,963
московской,1375
бирже,296
пришла,2047
рынок,2299
дорогу,741
основных,1653
нефть,1495
причин,2042
прибыли,2008
довольно,716
открытие,1683
индекс,964
поскольку,1931
начать,1451
нефти,1494
станет,2572
вероятно,400
активы,242
декабря,664
рубль,2283
квартал,1053
помогают,1901
строить,2614
привести,2010
чиновников,2927
имеют,955
делу,675
магазинов,1242
заявку,882
проводит,2064
обзоры,1552
покупателей,1855
частью,2904
штраф,2956
присоединяйтесь,2037
доходность,753
сторону,2596
мимо,1309
девушки,656
доступ,746
вес,405
тип,2703
км,1075
мм,1329
мозг,1358
продолжает,2082
мозга,1359
рождения,2262
сила,2389
франции,2840
фильма,2823
начинает,1453
защиты,877
криптовалют,1160
англии,260
говорит,571
касается,1046
дополнительные,736
показатели,1850
команд,1093
матчах,1264
реальности,2206
п1,1720
зато,873
побед,1793
поле,1861
очевидно,1712
хватает,2845
манчестер,1248
отличие,1687
сможет,2451
тб,2665
отсутствие,1701
ними,1510
серию,2380
сути,2628
хуже,2870
гости,595
очков,1716
далеко,627
позволяет,1837
статус,2579
наверняка,1396
обороны,1562
шансы,2947
главным,562
борьбы,325
п2,1721
остальных,1662
общем,1580
среду,2551
сказать,2409
лиге,1194
форме,2835
выходить,541
выход,538
команду,1097
мемы,1279
удачи,2764
голов,583
своё,2341
клуба,1073
удар,2763
news,178
карт,1041
ради,2162
рассказала,2197
плохо,1788
делаю,670
увеличить,2754
операции,1631
лечения,1190
сил,2388
чп,2936
городов,591
id,161
студия,2617
предстоит,1996
телеграм,2680
03,5
получают,1884
пользователи,1895
добро,713
пополнение,1919
tv,202
ждём,806
реал,2203
машина,1269
событие,2470
февраль,2818
никак,1500
границы,606
пакет,1723
здоровье,888
тела,2679
курс,1178
сторис,2594
считаю,2643
желания,810
пишут,1771
прошу,2128
энергии,2965
приходит,2039
функции,2842
причины,2046
обо,1560
странах,2601
снг,2458
миру,1324
хотим,2861
центре,2889
музыка,1385
отвечает,1672
еды,787
способ,2538
илон,948
маск,1253
создавать,2485
общаться,1576
партнеров,1732
интересное,975
экономика,2957
значение,903
клубе,1074
такси,2662
очередной,1714
водитель,456
отдельно,1675
быстрее,353
украину,2773
ходить,2848
снег,2459
света,2327
видимо,426
иначе,958
земле,891
невозможно,1471
доходов,754
идея,934
контроль,1126
направлении,1425
перспективы,1755
вещь,415
повышения,1801
выросла,532
социальной,2521
средний,2547
отрасли,1700
повысить,1799
цифры,2895
налогов,1416
состоит,2510
десятки,685
крупных,1167
надеюсь,1400
ту,2742
платформа,1784
активов,241
заходи,874
проходит,2114
отвечать,1673
tesla,197
доход,751
наша,1458
продаж,2075
квартиру,1057
закрыть,849
зарабатывать,863
подходит,1833
обучение,1574
пришло,2049
возраст,465
подробно,1829
личный,1207
нами,1418
неделя,1479
пожаловать,1834
проводить,2065
суток,2630
задания,834
откуда,1686
любят,1234
сергея,2375
судя,2622
игрок,924
99,129
трансляции,2727
поговорим,1802
04,6
01,3
разработчики,2185
детали,687
эксперт,2960
впрочем,483
пытаются,2143
смерть,2446
драма,758
фильмы,2825
пусть,2137
видит,427
история,1001
запросы,861
могла,1341
опубликовал,1637
нуля,1542
автомобиль,226
весной,406
edition,150
one,182
герой,554
hd,160
языке,2993
ребенка,2209
сожалению,2484
цветы,2875
посты,1948
века,395
общественного,1584
органы,1646
сигнал,2386
эффективность,2984
характер,2844
тело,2685
дизайнер,694
ответить,1668
публикации,2135
92,125
000р,2
доброе,714
активность,240
службы,2435
тонн,2719
лукашенко,1213
эффективности,2983
общение,1581
исследований,997
становятся,2574
напишите,1423
бюджет,356
нравится,1536
массаж,1257
07,9
05,7
наказание,1411
считает,2640
имени,952
прошлой,2126
неделе,1475
каких,1028
сын,2647
долю,729
чемпионов,2919
спорта,2537
любом,1229
посмотрим,1940
днём,708
беларуси,284
показал,1848
показали,1849
картинки,1043
чувство,2941
лицо,1201
близких,304
знать,902
мою,1376
продавца,2074
личного,1204
письмо,1764
расскажу,2195
умер,2779
российского,2274
ограничений,1593
мужчину,1383
open,184
медведев,1274
земли,892
вконтакте,434
ответы,1671
телефону,2684
чувства,2940
эмоции,2964
ребенок,2210
становится,2573
гостей,594
смотри,2454
выросли,533
исследование,996
университета,2780
квартире,1056
рецепты,2246
полезные,1862
простой,2110
питания,1766
самого,2310
бороться,323
be,136
песни,1756
сердце,2377
газа,550
партия,1731
действий,658
отказаться,1682
ссылкой,2559
источники,1003
недель,1477
собирается,2465
голове,584
образ,1563
аккаунт,236
отзыв,1679
чек,2910
ошибок,1718
помогут,1902
my,175
ночью,1534
дата,638
twitter,203
сообщают,2493
председателя,1990
лидер,1196
улицы,2777
технологии,2698
россиян,2278
китая,1065
госдуму,593
российские,2271
зоне,911
расти,2202
пришли,2048
стороне,2595
поддерживает,1811
любить,1222
цитаты,2893
up,205
продолжать,2084
командой,1096
игрока,925
продолжают,2085
продолжается,2083
домов,734
температура,2689
воздуха,460
градусов,604
990,130
рекламных,2236
учиться,2812
начался,1450
позволит,1836
государственного,597
конференции,1128
вернуть,398
доступны,750
науки,1439
биткоин,297
клиентам,1069
криптовалюты,1161
опять,1641
великобритании,396
риски,2258
биткоина,298
обзор,1551
скачать,2410
облигаций,1555
темы,2691
инструментов,970
устройство,2800
огромное,1595
статью,2583
работаем,2150
закон,846
везде,394
русский,2293
стиль,2587
найдете,1409
личности,1205
портфель,1926
рекомендации,2239
вебинар,391
финансовые,2827
веб,390
ибн,915
словами,2429
пор,1922
твоего,2667
дорог,738
исключительно,988
версию,403
муж,1380
никому,1507
маркетинг,1250
сообщила,2500
жилья,820
тренд,2732
пользоваться,1896
подготовки,1809
психология,2134
сообщении,2495
чистая,2931
квартале,1054
составила,2507
оформление,1709
ученые,2809
сигналы,2387
планеты,1777
сих,2403
инвесторов,962
японии,2999
аудитории,273
общий,1586
придётся,2018
уверены,2756
местные,1297
следить,2420
днем,702
той,2715
говоря,575
продолжение,2086
статье,2581
заработка,865
сервисов,2372
личных,1208
потерять,1950
тренды,2733
среднем,2546
постов,1946
бумаги,344
русского,2294
жена,811
прислать,2035
лишения,1209
внутренних,451
брать,328
шаг,2945
главная,557
свободу,2328
автомобиля,227
давать,620
сайтов,2305
чёрный,2944
костюм,1134
кожа,1085
урок,2787
днр,704
отдела,1674
плата,1782
елена,791
08,10
планах,1775
nasa,176
perseverance,186
скорость,2419
шоу,2953
федерального,2820
приговор,2016
комитет,1101
давление,621
поддерживать,1812
зал,850
представителей,1991
народ,1428
августа,222
маски,1255
нa,1390
чел,2911
минус,1317
ткань,2705
stories,194
1500,25
bitcoin,138
следующей,2422
война,467
друзьями,773
получилось,1889
активности,239
крови,1162
жизнью,819
никакого,1502
знали,898
круто,1168
какое,1030
контакт,1121
портфолио,1927
smm,193
знание,899
дизайн,693
научиться,1440
высокий,536
увидел,2757
суть,2631
выборов,520
политических,1867
мид,1306
квартира,1055
кризис,1159
каждая,1013
россию,2276
доступна,748
ноги,1528
жанр,800
вероятность,401
разработчиков,2186
представитель,1993
ethereum,151
маска,1254
роман,2268
иметь,954
документ,717
связано,2345
заказов,844
целый,2879
сказали,2408
времена,484
видел,421
самую,2316
тд,2674
разве,2166
казалось,1023
игорь,918
недвижимости,1474
данной,631
мчс,1387
сегодняшний,2360
отметить,1692
животных,815
вашим,384
контента,1124
доставки,743
приняли,2031
вклад,432
беларусь,285
no,179
установить,2799
боли,309
одному,1610
волосы,471
площадь,1790
тв,2666
оперативно,1629
идею,933
спрос,2539
международной,1277
сравнению,2543
язык,2991
страна,2600
доля,730
pay,185
заявок,885
продаже,2077
школе,2950
ii,162
банков,280
девушка,655
team,195
cs,148
нашему,1463
требует,2730
занятость,856
аналитики,259
pr,187
карты,1045
агентства,230
гг,551
специалист,2529
110,16
министерство,1314
письма,1763
европе,782
северной,2358
06,8
атаки,272
спб,2528
кожу,1087
присоединиться,2036
большую,320
капитал,1040
продажу,2079
обеспечения,1549
десять,686
золото,910
платье,1787
целей,2876
высокие,535
клиентами,1070
результатам,2228
категории,1047
cr,147
совет,2475
заказы,845
погода,1803
max,172
масло,1256
триллер,2738
сериал,2378
боевик,307
средство,2550
мрц,1378
