заработок,871
от,1671
всем,498
вопросам,478
бк,301
com,146
так,2646
друзья,781
новый,1532
набор,1399
на,1398
обучение,1578
до,715
25,48
февраля,2822
место,1303
что,2937
входит,518
этот,2978
курс,1180
во,455
первых,1749
всего,496
меня,1289
три,2735
курса,1181
общий,1590
который,1146
вас,376
но,1519
небольшой,1476
доход,759
срок,2547
обучения,1579
заработка,870
ставок,2562
инвестиции,965
или,952
это,2973
именно,958
тот,2722
даст,643
вам,372
возможность,467
выйти,532
миллион,1313
стать,2576
сфере,2628
легко,1185
программа,2066
схемы,2630
того,2712
10,12
дней,707
выбор,522
за,835
тобой,2706
пишите,1773
мне,1338
места,1298
со,2458
30,54
000,1
по,1795
400,69
рублей,2278
промо,2100
код,1090
получаем,1878
100,13
бонус,322
при,2007
первом,1744
счета,2634
акция,247
действует,668
только,2715
первое,1742
чтобы,2939
получить,1894
также,2648
хочу,2871
поделиться,1817
моей,1359
получать,1883
такую,2659
связь,2343
доброе,720
утро,2804
сегодня,2355
раза,2160
если,804
есть,806
то,2705
часов,2902
их,1014
130,20
180,29
тыс,2748
европы,792
здесь,892
об,1553
основных,1656
сотрудничество,2511
общество,1589
все,494
канал,1040
для,705
связи,2342
важное,360
каждой,1021
новой,1524
модели,1354
под,1806
цены,2893
ru,190
самые,2314
скидки,2406
новые,1531
авто,221
самый,2315
из,943
мира,1329
ссылка,2551
рекламе,2234
какой,1036
может,1361
быть,356
российский,2268
андрей,263
опубликовал,1641
варианты,375
тему,2688
версии,403
как,1029
не,1475
конечно,1121
комментарий,1110
свыше,2340
12,17
тонн,2718
правила,1971
20,31
21,44
которые,1145
раньше,2190
такая,2647
практика,1979
будет,333
дальше,635
ограничения,1598
проверить,2058
его,793
можно,1364
сайте,2301
телефону,2682
благодаря,302
этому,2977
другие,770
важные,361
москве,1379
области,1558
транспорта,2726
жителей,831
ролик,2262
дороге,745
состоит,2503
трех,2734
общей,1583
1000,14
сил,2383
доступен,755
покупки,1857
компания,1117
заказов,852
онлайн,1629
продажи,2075
2021,42
года,582
доступны,758
впервые,485
версия,404
цена,2886
начинается,1460
работа,2144
нью,1550
быстро,355
каждого,1019
свежие,2321
актуальные,243
работе,2150
админ,231
ищу,1017
человека,2915
которая,1138
сможет,2445
помочь,1906
арт,271
данных,642
объектов,1591
квартире,1062
оплата,1637
15,23
71,106
telegram,194
whatsapp,211
районе,2186
номер,1536
срочно,2549
требуется,2729
знание,904
языка,2992
обязательно,1595
time,199
обращаться,1574
тел,2676
1500,25
неделю,1484
права,1967
любого,1229
сша,2641
поддержка,1813
подробности,1829
65,99
40,68
74,109
случае,2431
ищем,1015
700,105
блог,306
оперативно,1633
новости,1528
программы,2069
black,141
обратная,1572
следующий,2418
день,683
после,1932
вот,483
он,1626
тогда,2711
сказал,2400
интервью,977
сейчас,2360
очень,1716
важный,362
момент,1373
мы,1394
говорили,575
одном,1612
языке,2993
том,2716
котором,1142
друг,768
друга,769
принципе,2027
можем,1360
против,2109
русского,2291
народа,1436
потому,1953
один,1602
народ,1435
говорил,574
русском,2292
рассказала,2195
будут,338
ли,1193
санкции,2319
пресс,2005
секретарь,2361
президента,2000
заявила,884
планирует,1781
прямой,2128
она,1627
украина,2771
были,352
рф,2293
уже,2766
какие,1031
каналов,1043
где,555
посмотреть,1939
сам,2303
себя,2352
купил,1177
вы,520
другое,775
депутаты,689
нового,1522
новым,1533
суда,2615
украины,2774
тем,2684
временем,489
глава,558
александр,248
через,2924
суд,2614
пытается,2138
должности,732
министр,1322
иностранных,972
дел,671
сообщил,2491
полиции,1870
пришлось,2047
рады,2158
законопроект,856
автомобилей,223
даже,630
мой,1369
телеграмм,2679
владелец,439
реклама,2233
график,613
прайс,1978
me,175
хотят,2867
между,1280
первый,1747
министра,1323
заявил,883
использование,997
системы,2393
идет,937
предложил,1986
решить,2252
проблему,2052
таких,2653
надо,1408
внимание,450
решение,2246
проблемы,2053
приложения,2021
видим,426
развитие,2163
стоит,2586
задача,846
деятельность,698
платить,1786
учетом,2813
тех,2694
настоящее,1443
время,491
перед,1752
стал,2564
регионе,2214
резко,2225
условия,2793
многих,1343
случаев,2432
помощь,1908
видео,424
которым,1147
соцсети,2518
порядка,1928
дорогу,748
города,593
видно,429
говорит,576
автор,226
истории,1004
оказался,1621
появилась,1961
ранее,2188
раз,2159
был,350
лет,1187
месяца,1305
лишения,1212
свободы,2326
рост,2275
см,2438
волосы,475
цвета,2875
глаза,571
обувь,1577
либо,1194
информации,989
90,123
22,45
06,8
главы,569
вопросы,481
сотрудничества,2510
формате,2837
рамках,2187
принято,2030
этом,2976
году,584
россии,2266
состоится,2504
касается,1053
формы,2840
проведения,2055
данного,636
мероприятия,1295
ситуации,2395
владимир,440
путин,2135
всеми,499
отношении,1699
развития,2165
работать,2148
другом,777
решения,2248
проблем,2050
деятельности,697
ходе,2849
было,353
предложение,1984
работы,2152
современных,2472
международных,1282
сутки,2624
нем,1491
известно,945
зовут,914
факт,2816
сообщили,2493
службе,2428
мужчины,1390
18,28
последний,1936
безопасности,282
умер,2781
ему,802
82,117
данным,641
дома,738
жена,820
жизнь,828
столице,2587
самое,2308
интересное,980
жизни,827
город,592
такой,2656
каким,1032
является,2988
ответственности,1675
агентство,230
перейти,1753
происходит,2097
настоящий,1444
люди,1239
еды,797
воды,462
хотите,2864
заниматься,860
предлагает,1983
большой,320
детей,693
переходите,1756
наш,1463
сайт,2299
инстаграм,973
контакты,1124
97,128
могут,1352
автомобиль,224
без,281
порядок,1930
регистрации,2216
школы,2952
министерство,1321
образования,1570
страны,2601
помощью,1909
система,2390
др,765
использовать,999
курсы,1183
youtube,219
платформы,1789
состава,2497
наша,1464
политические,1866
фото,2841
чат,2909
каждый,1025
алексея,251
навального,1400
вместе,446
нами,1423
партнеров,1736
да,623
же,818
дмитрий,706
ничего,1518
наконец,1419
лукашенко,1216
помните,1900
2020,41
го,573
эфире,2981
российских,2269
шоу,2953
активно,238
идею,938
поддерживать,1812
мол,1370
гораздо,591
лучше,1217
многие,1342
студии,2611
понятно,1916
части,2903
одного,1610
большого,318
плана,1777
беларуси,284
история,1006
изначально,951
отношения,1701
затем,877
такие,2650
конца,1131
пишет,1771
своем,2330
мая,1276
беларусь,285
поводу,1800
ну,1544
решили,2251
этим,2970
партия,1735
порошенко,1924
находится,1448
просто,2106
люблю,1226
пиши,1772
спасибо,2521
знаю,912
насколько,1441
еще,807
больше,313
контента,1126
могу,1351
весь,408
дом,737
пока,1846
там,2660
почти,1957
нужно,1547
слова,2421
хорошего,2852
вечера,412
откуда,1691
ночью,1541
буду,337
утром,2805
бизнес,292
портал,1925
индустрии,970
предложения,1985
избежать,944
компаний,1115
капитал,1046
случаях,2435
нет,1499
инвестиций,966
планируется,1782
проекта,2090
течение,2699
времени,490
продажа,2073
бизнеса,293
ссылке,2552
банки,279
клиентов,1076
причина,2041
компании,1114
полностью,1875
свою,2337
ее,798
счет,2633
получает,1879
действовать,667
китая,1070
организация,1648
защиты,882
вами,373
всегда,495
эксперт,2960
территории,2691
рынке,2295
специально,2528
поле,1860
получения,1886
относительно,1697
размер,2169
прибыли,2008
закон,854
позволяет,1836
прибыль,2009
следующие,2417
наличии,1421
имеет,955
право,1976
фонда,2834
форме,2838
лица,1203
группа,617
членов,2936
семьи,2365
инвесторов,967
каких,1033
странах,2597
просмотра,2104
какую,1038
информацию,990
максимально,1248
риски,2254
сделки,2350
адрес,234
обращения,1575
информация,991
данные,639
финансовые,2831
показатели,1849
составе,2498
изменения,949
помогут,1904
средства,2545
приходится,2038
основном,1654
евро,790
коллеги,1097
принимать,2026
биткоин,299
деньги,684
речь,2244
идёт,942
долларов,735
банка,278
сумму,2620
отправить,1703
проекты,2093
продукты,2087
числе,2931
иногда,971
услуги,2796
активов,241
возможности,466
республике,2241
влияние,445
которыми,1148
использования,998
дают,647
среди,2540
них,1517
следует,2415
отсутствие,1705
ставки,2560
высокой,541
личных,1211
ведение,392
маски,1259
всё,508
мире,1330
заказ,849
самым,2316
ценам,2887
портфолио,1927
идеи,935
подборка,1809
создание,2480
нуля,1549
идея,939
тут,2746
создания,2481
российской,2271
команды,1104
пишем,1770
про,2049
ваш,377
пакет,1726
нам,1422
кафе,1055
продуктов,2086
бумаги,345
эти,2969
меры,1296
почему,1955
хотим,2863
любви,1222
знаем,898
наши,1470
подписчики,1822
людям,1241
предлагаем,1982
найти,1417
друзей,780
любовь,1227
комментариях,1111
свой,2336
пару,1737
слов,2420
себе,2351
комментарии,1109
кем,1066
хотели,2861
бы,346
хорошо,2858
секс,2362
прежде,1997
чем,2919
точно,2725
они,1628
нужны,1548
действительно,665
приобрести,2032
вещь,416
новых,1534
чуть,2942
месяц,1304
хотя,2866
стоят,2594
несколько,1497
покупать,1854
чаще,2911
денег,682
менять,1290
13,19
будете,334
забывайте,838
никакой,1509
теперь,2690
давайте,625
выбрать,526
выбирать,521
быстрее,354
например,1433
подробнее,1827
узнать,2768
этого,2974
кризис,1161
сотни,2507
миллиардов,1312
вакансии,364
москва,1378
купить,1178
товар,2707
знаете,900
смотреть,2447
сделали,2348
пытаются,2139
товары,2710
уровне,2788
закона,855
зачем,880
равно,2156
одна,1603
машина,1273
вопрос,477
сбор,2320
кто,1174
хочет,2868
международной,1281
армении,269
участвовать,2806
третий,2733
власти,443
граждан,611
считают,2639
38,65
исследование,1001
выборы,525
сети,2378
запись,864
товаров,2709
стороны,2593
vip,207
прогноз,2063
каждому,1023
бесплатно,288
сюда,2643
ставим,2557
000р,2
btc,143
интернете,987
телеграм,2678
канала,1041
рекламы,2236
бот,327
руб,2277
вывод,527
бота,328
моего,1358
своём,2339
канале,1042
вторая,509
выплата,533
пришла,2044
министерства,1320
обороны,1567
федерации,2824
игр,924
силу,2385
метров,1308
дня,712
защитника,881
отечества,1684
действий,664
прошли,2119
23,46
каждом,1022
городе,595
российские,2267
продолжают,2082
безопасность,283
движения,653
14,21
ноября,1542
52,85
человек,2914
контроль,1128
режима,2223
27,51
режим,2222
всей,497
линии,1200
78,113
силы,2386
год,581
принял,2028
оон,1631
заместитель,857
организации,1646
обмен,1561
комитета,1108
более,309
стране,2598
условий,2792
районах,2185
выход,542
мл,1334
участия,2809
группы,620
вконтакте,436
сделать,2349
этой,2975
записи,863
питания,1769
самому,2311
удачи,2763
конкурс,1122
личного,1207
техники,2696
условиях,2794
регионах,2213
часть,2906
проходит,2111
проходят,2113
проведение,2054
39,66
вакцинация,369
двумя,655
вакцины,370
базы,275
российского,2270
ожидается,1615
около,1624
тысячи,2750
базе,274
61,95
35,61
политика,1862
честно,2926
времена,488
детям,696
школе,2950
мужчину,1389
фактически,2817
стало,2567
показали,1848
фильм,2825
представители,1992
видимо,427
знают,913
образование,1569
ведь,394
никто,1514
никаких,1507
однако,1605
комиссия,1106
писали,1764
правительство,1975
органов,1649
ещё,808
вице,432
премьер,2003
когда,1088
индекс,969
цифровой,2896
регионов,2215
квартал,1060
it,171
всех,501
крупных,1169
одни,1606
руки,2284
стоимость,2585
которых,1149
миллионов,1315
95,127
документов,725
реализации,2203
чего,2912
постоянно,1947
сроки,2548
начала,1452
работ,2143
очередь,1718
другим,771
случай,2433
ошибок,1721
новостей,1527
уголовное,2760
дело,680
района,2184
млн,1335
результаты,2230
проверки,2059
средств,2544
строительство,2608
вода,458
название,1411
руку,2289
кажется,1027
святого,2344
начал,1451
состав,2496
оказалось,1620
отношение,1698
производство,2095
продажу,2076
участие,2807
какая,1030
ними,1516
имя,962
машину,1274
мэра,1396
привет,2011
уверен,2754
вполне,486
ряд,2297
удалось,2761
cr,148
остаться,1668
зато,878
готовы,608
сергей,2370
властей,442
частности,2904
губернатор,621
администрации,232
проектов,2092
качества,1056
задач,845
строительства,2607
вопросов,479
ждем,812
парня,1733
интересно,979
наверное,1402
навальный,1401
несмотря,1498
совершенно,2466
никак,1506
собой,2460
называют,1414
одно,1608
часто,2905
хочется,2869
заказать,851
примерно,2023
00,0
очередной,1717
сотрудников,2509
домой,741
clubhouse,145
вместо,447
потом,1952
исключительно,994
получилось,1890
вроде,492
хватает,2847
специалистов,2526
лучший,1220
текст,2675
работу,2151
вообще,476
умение,2780
писать,1765
должна,730
жанр,810
поста,1943
работает,2146
свои,2332
навыки,1405
опыт,1642
промокод,2101
скидку,2408
200,32
курсе,1182
мест,1297
осталось,1663
меньше,1287
значит,910
им,954
страшно,2604
хоть,2865
смысл,2450
минимум,1319
власть,444
плохо,1791
медиа,1279
совместно,2471
большое,319
значение,908
бренда,331
самого,2307
давно,628
работал,2147
разных,2175
одежды,1601
смотрите,2449
конференции,1130
издание,947
the,197
of,181
игра,925
была,351
доступна,756
16,26
самом,2310
часы,2908
отдельно,1681
виде,421
марта,1255
магазине,1245
свое,2327
мнение,1339
моды,1356
новая,1520
прекрасно,2001
характер,2846
одежда,1600
менее,1286
городской,597
качестве,1057
другого,774
приложении,2019
11,15
утра,2803
мск,1385
скидка,2404
праздник,1977
решила,2250
собрать,2462
чтоб,2938
завтра,841
людей,1238
блок,307
хорошей,2854
скидкой,2407
такими,2652
прям,2126
топ,2719
instagram,166
модель,1355
точки,2724
зрения,919
эта,2966
этих,2972
600,94
общение,1585
подробно,1828
нарушения,1438
первой,1743
деле,678
ооо,1632
центр,2889
говорить,578
документы,726
лиц,1202
абсолютно,220
полный,1876
прошло,2120
чём,2943
вопросом,480
сначала,2451
ей,800
выросла,537
сумма,2619
которой,1141
ст,2556
ук,2770
ни,1503
образом,1571
произошло,2096
давление,627
19,30
сайта,2300
конце,1132
отдыха,1682
запрос,866
отметил,1695
других,773
говорится,577
получил,1887
суде,2616
никого,1511
нему,1493
период,1757
своих,2335
ск,2399
первые,1746
тысяч,2749
своему,2331
словами,2423
остальных,1666
выводы,528
смог,2442
источник,1007
своей,2329
круг,1166
общения,1586
05,7
08,10
недвижимости,1480
становится,2569
рабочих,2155
мое,1357
данный,640
ответы,1677
факты,2819
контент,1125
видели,423
менеджеры,1285
будущем,341
2017,38
днях,713
над,1406
результате,2228
должно,731
получится,1893
63,97
кг,1065
тест,2692
попал,1918
книгу,1085
обычно,1593
редко,2221
вовсе,457
вид,420
назад,1409
прошлом,2123
страна,2596
местные,1301
жители,832
сих,2398
пор,1922
месяцев,1306
единственный,795
такого,2654
длина,704
300,55
мм,1337
двух,656
полная,1872
занимает,858
часа,2901
лук,1215
тяжело,2751
почта,1956
направлении,1431
будущего,339
направление,1430
события,2465
сравнению,2538
феврале,2820
событий,2464
украине,2772
ситуацию,2396
58,91
67,101
украину,2773
решил,2249
инвестировать,964
область,1559
нашей,1467
разработки,2179
тестов,2693
коронавируса,1134
борьбы,326
переговоры,1751
пошли,1959
нибудь,1504
месте,1300
должен,729
клуб,1078
вечером,413
памяти,1727
участники,2810
пришли,2045
офис,1707
руководителя,2286
главного,561
управления,2785
мвд,1277
совет,2467
местах,1299
различных,2168
стран,2595
получается,1881
атаки,272
таким,2651
31,57
декабря,670
зависит,840
возраста,469
машины,1275
типа,2703
сообщила,2492
продать,2077
продаже,2074
должны,734
европе,791
много,1344
последние,1935
скорее,2410
городах,594
тоже,2713
поэтому,1960
подряд,1830
жк,834
премиум,2002
кв,1059
ул,2775
covid,147
летом,1190
странице,2599
борьбе,325
коронавирусом,1135
опять,1645
43,73
летний,1189
евгений,789
шансы,2947
спрос,2535
растет,2200
января,2997
вырос,536
приводит,2013
сервис,2367
квартиры,1064
армии,270
03,5
55,88
обе,1555
игорь,923
выборов,524
президент,1999
ним,1515
выборах,523
партии,1734
действие,663
депутата,687
сергея,2371
говорят,580
коллег,1096
лично,1206
государства,601
такое,2655
соглашение,2475
пост,1942
премьера,2004
считает,2635
необходимо,1494
любых,1236
видит,428
спутник,2537
та,2644
получит,1891
регистрацию,2217
хуже,2872
нашего,1466
общества,1587
депутат,686
комиссии,1105
здравоохранения,895
некоторые,1488
56,89
29,53
кроме,1165
17,27
выходные,545
дни,709
лишь,1213
положение,1877
апреля,268
согласно,2474
число,2932
участников,2811
мероприятий,1294
50,81
запрет,865
обеспечить,1556
одновременно,1609
числа,2930
правительства,1974
отдела,1680
стала,2565
пандемии,1730
количество,1095
составляет,2502
28,52
пациентов,1739
состоянии,2506
59,92
54,87
вокруг,473
сторис,2590
приложение,2018
70,104
цвет,2874
прошлой,2122
ответ,1672
никогда,1510
мир,1328
понимаю,1914
думать,785
думаю,786
внутри,454
оно,1630
свободу,2325
вести,407
правильно,1973
дает,629
остаётся,1670
делать,675
личный,1210
любят,1237
нас,1439
нашу,1474
примеру,2024
начать,1457
своё,2338
руководство,2287
стиль,2583
письма,1766
мало,1250
принять,2031
взять,419
подходит,1832
описание,1636
личности,1208
мог,1348
правило,1972
роли,2261
бренд,330
сильно,2388
тому,2717
рядом,2298
чувство,2941
которое,1140
рабочий,2154
поддержку,1816
родители,2257
ожидания,1616
требования,2727
сторону,2592
далеко,633
выше,547
разные,2174
кстати,1173
понимать,1913
рекомендую,2238
твой,2667
зарабатывать,868
немного,1492
выглядит,529
ней,1487
хотел,2859
понял,1915
две,650
вещи,415
тема,2685
большая,312
материалов,1264
работают,2149
ваших,385
отношениях,1702
наоборот,1425
эту,2979
слишком,2419
можете,1362
теме,2686
границы,612
брать,329
своим,2333
опытом,1644
сами,2306
статьи,2578
серию,2375
которому,1143
найдете,1416
ссылку,2555
второе,512
общем,1584
вышло,551
500,82
бесплатные,290
своего,2328
него,1478
неё,1502
сама,2304
вышел,548
отношений,1700
возможно,465
видел,422
прямом,2129
тебя,2674
ответственность,1676
уж,2765
клиента,1073
уйти,2769
десятки,691
тип,2702
суть,2626
процессе,2117
увидеть,2757
конец,1120
нашим,1471
которую,1144
любит,1223
позицию,1841
проще,2125
будьте,343
вашей,381
семье,2364
иметь,959
хороший,2856
потенциал,1949
постепенно,1945
счёт,2640
делиться,679
пройти,2099
большую,321
процессы,2118
чувства,2940
контроля,1129
соответственно,2494
роль,2263
эмоции,2964
голове,588
детали,692
всю,506
посты,1948
становятся,2570
социальных,2517
делают,677
втором,514
ко,1087
анализа,257
ответил,1673
рассказывает,2198
турции,2744
опт,1640
60,93
менеджер,1284
36,63
мин,1317
шт,2954
золото,915
33,59
снега,2454
техника,2695
будем,332
те,2672
вовремя,456
новое,1523
мере,1292
домов,740
ждет,813
новому,1526
два,649
открыть,1690
началась,1453
наших,1472
окна,1623
объем,1592
самой,2309
2022,43
единой,794
привести,2010
коллектив,1098
помогают,1903
требует,2728
программу,2068
успех,2799
заявки,886
вышли,550
максим,1247
проект,2089
2018,39
2019,40
региона,2212
фотографии,2842
сообщения,2488
пишут,1774
взял,418
накануне,1418
целом,2880
основные,1655
причины,2043
сложно,2425
процесс,2115
станет,2568
дал,631
знать,907
следить,2414
ваши,383
сигналы,2382
присылайте,2036
почту,1958
привлечь,2012
дополнительные,742
источники,1008
предприятия,1988
повышение,1802
оплаты,1639
труда,2737
направления,1432
дополнительных,743
дороги,746
схема,2629
специалисты,2527
класса,1072
общественного,1588
новую,1530
экспресс,2963
такси,2658
пути,2134
хватит,2848
понять,1917
правил,1970
оставить,1660
общая,1581
площадь,1793
контракт,1127
искать,993
обновление,1564
www,215
соц,2513
сетях,2380
сеть,2379
море,1377
сколько,2409
снг,2452
apple,136
моя,1384
нравится,1543
материал,1263
основатель,1651
сразу,2539
рекламу,2235
интересные,981
добавить,717
список,2530
книга,1083
premium,187
известный,946
командой,1102
центре,2891
исследования,1003
добро,719
пожаловать,1833
авторы,228
науки,1446
видеть,425
присоединяйтесь,2035
hd,162
pro,189
позволит,1835
ими,961
розница,2259
дроп,767
04,6
ткань,2704
белый,286
черный,2925
грн,614
красный,1158
костюм,1137
48,79
your,218
вечер,411
образ,1568
цели,2879
пусть,2133
одним,1607
ваша,378
значения,909
глаз,570
язык,2991
одну,1614
сказать,2402
весьма,409
вашем,382
души,788
книги,1084
поговорим,1804
планах,1778
отметить,1696
пользу,1898
состояние,2505
столько,2589
любом,1232
сможете,2446
присоединиться,2034
неделя,1485
совсем,2473
изменений,948
начало,1456
итак,1010
урок,2790
расскажу,2193
пары,1738
большинство,316
первую,1745
правда,1968
пойти,1845
душа,787
ибо,921
другой,776
понедельник,1910
изменить,950
январе,2996
градусов,610
кому,1119
читать,2934
посмотрите,1941
достаточно,751
крайне,1154
подобные,1818
темы,2689
туда,2741
желание,819
тг,2670
другими,772
целью,2883
наличие,1420
процесса,2116
обратно,1573
гостей,599
питание,1768
спорт,2532
английский,261
вся,507
связано,2341
мысли,1395
мозга,1366
долго,728
получила,1888
этаж,2967
150,24
магазина,1243
99,130
32,58
платье,1790
85,119
сум,2618
110,16
помимо,1899
26,50
любите,1224
бывает,347
размеры,2171
адресу,235
магазин,1242
девушка,661
плата,1785
людьми,1240
делу,681
02,4
ждёт,817
торговли,2721
анализ,256
покупке,1856
биткоина,300
ссылкой,2554
словам,2422
криптовалюты,1163
куда,1175
мужчина,1388
ребенка,2207
полиция,1871
напомним,1429
декабре,669
тинькофф,2701
сервисы,2369
банк,277
заявку,887
заявок,890
технологии,2697
инструменты,976
карт,1047
оплату,1638
to,200
сервиса,2368
систем,2389
включая,435
google,160
крупные,1168
игроки,931
создавать,2477
неделе,1481
соответствии,2495
веб,390
пользователи,1896
смогут,2444
управлять,2786
целях,2884
продавца,2071
очевидно,1715
систему,2392
клиентам,1074
проводить,2062
доля,736
итогам,1011
составила,2500
37,64
инструментов,975
предстоит,1996
яндекс,2998
акции,244
group,161
московской,1382
бирже,297
usd,205
rub,191
основной,1653
тренд,2730
пара,1731
рубль,2279
01,3
рубля,2280
цель,2882
68,102
далее,632
биржа,296
спать,2522
придется,2016
вариант,374
ведет,393
порядке,1929
особо,1659
движение,652
роста,2276
рынка,2294
напрямую,1434
фоне,2835
виды,430
услуг,2795
размещение,2172
73,108
размещения,2173
строго,2606
земли,897
снова,2457
второй,513
поиска,1844
держать,690
риск,2253
важно,359
дали,634
остается,1661
купон,1179
зарплаты,874
большие,314
ради,2157
процентов,2114
портфель,1926
результат,2226
цену,2892
облигаций,1560
выпуск,535
продавать,2070
вчера,519
пришло,2046
каналы,1044
выплаты,534
тд,2671
чате,2910
меню,1288
пункт,2132
данном,638
списке,2529
заранее,872
позже,1839
футбол,2845
прогнозы,2064
красной,1157
планеты,1780
лучшие,1219
нашем,1468
апл,267
матч,1266
последних,1937
матчах,1268
играет,926
игру,933
игры,934
матчи,1271
зоны,917
ниже,1505
протяжении,2110
матчей,1270
лиги,1196
матче,1269
поможет,1905
встреча,502
мнения,1341
реал,2202
начинает,1459
юнайтед,2985
де,657
ты,2747
сердце,2373
by,144
and,134
will,212
be,138
for,156
is,170
that,196
price,188
go,159
up,203
we,210
new,178
with,213
5000,83
многое,1345
аналитика,258
88,121
добрый,721
линия,1201
аудитории,273
поздравляю,1838
коэффициент,1151
бесплатный,291
75,110
составил,2499
тайм,2645
полной,1874
надеюсь,1407
лига,1195
придётся,2017
кино,1068
интересный,982
называется,1413
диалог,699
тебе,2673
целый,2881
реально,2204
нее,1486
реальность,2205
живут,826
парень,1732
news,179
любым,1235
пожалуйста,1834
минут,1326
заказа,850
карту,1051
каждую,1024
бесплатная,287
доставка,749
момента,1374
вернуть,399
читайте,2933
товара,2708
режиме,2224
заказы,853
оформление,1712
телефона,2681
район,2183
сообщении,2487
пятницу,2141
вашим,384
вероятность,402
информацией,988
напишите,1428
считается,2636
продаж,2072
сезон,2357
кожа,1091
чёрный,2944
24,47
41,71
350,62
450,76
бороться,324
хочешь,2870
ибн,920
разве,2161
красиво,1155
прав,1966
сути,2623
наше,1465
показать,1851
вкусу,438
какого,1034
аллах,252
сердца,2372
глазах,572
аллаха,253
аль,254
сообщества,2489
первым,1748
кого,1089
знаний,905
создали,2478
оказались,1619
ума,2778
подарки,1807
днем,708
поддержать,1811
честь,2927
главное,562
лучших,1221
самых,2317
недели,1482
главный,565
четверг,2928
главе,559
live,172
продолжение,2083
являются,2989
доступа,754
молодых,1372
поддержки,1815
действия,666
поколения,1853
внимания,451
владимира,441
сообщает,2484
администрация,233
создан,2479
экс,2959
сын,2642
якобы,2995
сми,2441
суммы,2621
эксперты,2962
любой,1231
означает,1617
госдумы,598
бывшего,348
дтп,783
миллиона,1314
память,1729
форму,2839
прислать,2033
имени,957
юрий,2986
стали,2566
коронавирус,1133
края,1160
сильнее,2387
способ,2534
провести,2060
акцию,246
сочи,2520
улицы,2777
активность,240
особенно,1657
игрок,929
интернет,985
забрать,837
ближайшее,303
множество,1346
выйдет,531
высокий,540
москвы,1381
возраст,468
управление,2784
развитию,2164
полезные,1861
материалы,1265
ссылки,2553
соцсетях,2519
случилось,2436
расскажем,2191
собрали,2461
студентов,2610
сила,2384
рабочие,2153
нужна,1546
заседание,875
вторник,510
победы,1799
план,1776
которого,1139
переход,1754
команда,1100
каком,1037
невозможно,1477
компанию,1116
заявления,889
вне,448
фонд,2833
государство,604
плане,1779
платформе,1788
интересы,984
голос,590
ваше,379
получат,1882
остались,1662
суток,2625
протеста,2108
письмо,1767
регулярно,2219
школу,2951
прямо,2127
заседании,876
причин,2040
нарушение,1437
дела,672
написать,1427
64,98
кампании,1039
заявление,888
представителей,1991
80,115
причиной,2042
статус,2575
местных,1302
проекте,2091
депутатов,688
главная,560
кандидатов,1045
автоматически,222
ближайшие,304
шаг,2945
art,137
искусство,995
дизайн,700
музыка,1391
vk,208
четыре,2929
культуры,1176
специалист,2524
века,396
жить,833
одной,1611
университета,2782
сделал,2346
сожалению,2476
доступ,753
любое,1230
подписывайтесь,1825
земле,896
взгляд,417
смерти,2439
мечты,1309
пр,1965
поиск,1843
считать,2637
смерть,2440
2015,36
обзор,1557
технологий,2698
800,116
государственного,602
совета,2468
интерес,978
нём,1551
учиться,2815
общего,1582
дети,694
знания,906
планируют,1783
учитывая,2814
федерального,2823
бюджета,358
готовность,607
её,809
служба,2427
помощи,1907
центра,2890
провели,2057
санкт,2318
петербурга,1761
спорта,2533
олег,1625
алексей,250
больших,317
результатов,2229
инфраструктуры,992
команд,1099
нашли,1473
монеты,1376
северо,2354
смогли,2443
ученые,2812
стратегии,2602
поставить,1944
детьми,695
официально,1709
городов,596
этими,2971
рассказали,2196
край,1153
новом,1525
продукции,2088
социальной,2515
рассказал,2194
ввести,388
источников,1009
энергии,2965
задержали,848
автора,227
фсб,2844
жилья,830
комплекс,1118
частью,2907
пример,2022
финансовых,2832
сказала,2401
елена,801
герой,557
позиции,1840
человеком,2916
итоге,1012
назвал,1410
скоро,2411
успел,2797
акций,245
война,471
рынок,2296
собирается,2459
недавно,1479
счастье,2631
ситуация,2397
показывает,1852
бывший,349
годы,585
путина,2136
разобраться,2176
решений,2247
900,124
могли,1350
говоря,579
таки,2649
здания,891
государственной,603
дочь,764
приняли,2029
финансовой,2830
максимум,1249
директора,703
председателя,1990
разработке,2178
столицы,2588
комитет,1107
республика,2240
документ,724
органы,1650
встрече,503
первого,1741
обязанности,1594
уроки,2791
ال,2999
книг,1082
группу,619
умеет,2779
подход,1831
задание,842
программе,2067
занятия,861
погода,1805
снег,2453
советую,2469
зависимости,839
андрея,264
первая,1740
социально,2514
политических,1867
исследований,1002
россиян,2274
писал,1763
россия,2273
уровень,2787
цифры,2897
новость,1529
продолжает,2079
успешно,2801
разговор,2166
подписки,1820
вп,484
подписку,1821
знает,899
качество,1058
ждут,815
знаешь,901
готов,605
квартиру,1063
штраф,2956
07,9
час,2900
вкус,437
шанс,2946
ждём,816
83,118
all,133
42,72
44,74
45,75
английском,262
матча,1267
сити,2394
сезоне,2359
планы,1784
билеты,295
задать,844
нашему,1469
войны,472
пяти,2140
сообщается,2485
34,60
отец,1683
александра,249
слушать,2437
скачать,2403
продолжается,2080
моменты,1375
поток,1951
мини,1318
полное,1873
формат,2836
62,96
практики,1980
подписчиков,1823
зоне,916
самостоятельно,2312
красивые,1156
целей,2878
знали,903
руками,2282
создать,2482
крутой,1171
реальные,2206
примеры,2025
наверняка,1403
оба,1554
группе,618
получают,1884
перевод,1750
любую,1233
второго,511
активы,242
дохода,760
мной,1347
вашу,386
мою,1383
ждать,811
подарок,1808
вашего,380
личку,1205
отличный,1694
павел,1725
оаэ,1552
песни,1759
пользователей,1895
вверх,387
используют,1000
находятся,1449
необходимости,1495
приложений,2020
android,135
ios,167
групп,616
статье,2577
аккаунт,236
on,182
вдруг,389
аниме,265
ближе,305
прошу,2124
клубе,1080
жду,814
попасть,1919
думаете,784
one,183
сообщество,2490
провел,2056
россией,2265
обмена,1562
мид,1310
вход,516
мимо,1316
возле,464
появился,1963
шесть,2948
2014,35
медведев,1278
выходит,544
тело,2683
сотрудники,2508
обнаружили,1563
начали,1455
tesla,195
tiktok,198
водитель,459
политике,1863
михаил,1333
показал,1847
метро,1307
facebook,155
скорость,2413
120,18
км,1081
140,22
станции,2572
прошлого,2121
уровня,2789
получение,1885
национальной,1450
здоровья,894
сегодняшний,2356
площади,1792
статистика,2574
хорошие,2855
250,49
двое,654
роман,2264
стиле,2582
команде,1101
понимает,1911
историю,1005
особенности,1658
получили,1889
доме,739
идти,940
всему,500
сохранить,2512
какое,1035
зарплата,873
твоей,2664
однажды,1604
страх,2603
лицо,1204
здоровье,893
хорошая,2851
мама,1251
девушек,660
занимается,859
отлично,1693
супер,2622
мать,1272
помогает,1901
девушки,662
минус,1325
эффект,2982
ноги,1535
ходить,2850
твоего,2663
72,107
крутые,1172
навсегда,1404
событие,2463
официальный,1710
любовью,1228
оказывается,1622
гол,586
сезона,2358
похоже,1954
манчестер,1252
короче,1136
появились,1962
наиболее,1415
обо,1565
вернуться,400
правду,1969
ощущение,1722
эфир,2980
публикации,2131
делаем,673
иначе,963
намного,1424
даёт,648
минуты,1327
встречи,504
днём,714
2000,33
количества,1094
стоимости,2584
появится,1964
запросы,867
февраль,2821
4000,70
free,157
очков,1719
победа,1796
ставка,2559
77,112
американский,255
агентства,229
подписаться,1819
разработчик,2180
open,184
max,174
in,165
попробовать,1920
пройдет,2098
довольно,722
упал,2783
вновь,453
кпрф,1152
подписывайся,1824
приглашаем,2014
оператор,1634
серии,2374
you,217
главные,564
директор,702
клиенты,1077
среднем,2542
ютуб,2987
гости,600
us,204
аналитики,259
торгов,2720
позиция,1842
путь,2137
iphone,168
выручка,539
млрд,1336
87,120
ресурсов,2243
старт,2573
женщины,823
тв,2662
россию,2272
штаба,2955
3000,56
пользоваться,1897
98,129
92,125
вк,433
картинки,1050
подпишись,1826
мемы,1283
света,2324
ищет,1016
русский,2290
квартира,1061
ночь,1540
приятно,2048
экономики,2958
политической,1868
цен,2885
69,103
оказалась,1618
мужчин,1387
мер,1291
женщин,821
голову,589
пять,2142
мчс,1393
службы,2429
годом,583
доходов,762
слухи,2430
данной,637
xiaomi,216
дню,711
990,131
судя,2617
петербурге,1762
петербург,1760
настроение,1445
результатам,2227
нельзя,1490
хорошее,2853
задачи,847
вижу,431
личные,1209
bnb,142
нормально,1538
аккаунта,237
сделала,2347
переходим,1755
бонусы,323
своими,2334
регистрация,2218
binance,139
ребята,2210
usdt,206
будущее,340
фильмов,2827
увидел,2756
магазинов,1246
ipo,169
миллиарда,1311
марте,1256
возрасте,470
маска,1258
твоя,2669
последнего,1933
постов,1946
великобритании,397
продолжать,2081
летнего,1188
иван,922
aliexpress,132
интересных,983
отзывы,1687
рейтинг,2232
отзывов,1686
отзыв,1685
буквально,344
хороших,2857
удобно,2764
покупка,1855
рождения,2258
существует,2627
развиваться,2162
практически,1981
температура,2687
делает,674
вышла,549
выхода,543
ес,803
огромное,1599
карта,1048
потерять,1950
ремонт,2239
цитаты,2895
ссср,2550
идей,936
знал,902
обои,1566
будь,342
цветы,2877
фильмы,2828
нескольких,1496
ночи,1539
доставки,750
политики,1864
клуба,1079
мероприятие,1293
дорог,744
свет,2323
таком,2657
миру,1332
казалось,1028
последствия,1938
вероятно,401
населения,1440
вакцинации,368
сообщение,2486
размере,2170
51,84
комнату,1112
написал,1426
спустя,2536
улице,2776
автомобиля,225
преступления,2006
уголовного,2759
рано,2189
огонь,1596
водой,460
факту,2818
49,80
телефон,2680
женщина,822
вещей,414
научиться,1447
оформить,1711
покупку,1858
магазинах,1244
получите,1892
ежедневно,799
еду,796
смотри,2448
другому,778
ветер,410
посмотрим,1940
фильма,2826
давай,624
расскажет,2192
нужен,1545
сайтов,2302
встречу,505
бесплатное,289
друзьями,782
выходных,546
тела,2677
девочка,658
главной,563
останется,1667
лидер,1197
общаться,1580
опыта,1643
легче,1186
лучшее,1218
цене,2888
плюс,1794
трудно,2738
заработать,869
мои,1367
ставить,2558
любые,1234
расти,2201
проблема,2051
человеку,2917
начинаем,1458
той,2714
тренер,2732
настолько,1442
никакого,1508
степени,2581
моих,1368
начиная,1462
мозг,1365
большим,315
лс,1214
дать,646
остался,1664
отвечает,1678
будто,336
сигнал,2381
твою,2668
лидера,1198
родителей,2256
ответить,1674
стадии,2563
можешь,1363
ту,2740
депозит,685
руководитель,2285
баланс,276
карты,1052
челси,2918
предложить,1987
валентина,371
стороне,2591
открытия,1689
вернулся,398
twitter,202
мнению,1340
tv,201
57,90
одному,1613
показатель,1850
начале,1454
николай,1512
поскольку,1931
будешь,335
счастья,2632
доступно,757
имеется,956
массаж,1261
кожи,1092
вклад,434
статью,2579
слово,2424
животных,825
отличие,1692
чему,2923
твои,2665
вызывает,530
другу,779
программ,2065
приходит,2037
остальные,1665
устройство,2802
средней,2541
воду,461
самую,2313
чемпионат,2920
тур,2742
чемпионов,2922
ошибки,1720
team,193
открытие,1688
цска,2898
чемпионата,2921
динамо,701
девочки,659
музыку,1392
муж,1386
явно,2990
случайно,2434
класс,1071
лечение,1191
отчет,1706
ао,266
карте,1049
снижения,2456
полицейские,1869
никому,1513
остаются,1669
испании,996
советы,2470
церкви,2894
некоторых,1489
вряд,493
сложности,2426
рассказать,2197
школа,2949
гр,609
воскресенье,482
подготовка,1810
проходить,2112
страну,2600
инвесторы,968
76,111
66,100
эффективности,2983
нефть,1501
газ,552
компанией,1113
нефти,1500
газа,553
молодой,1371
грозит,615
удар,2762
боль,311
ставку,2561
социальные,2516
станут,2571
ограничений,1597
digital,151
мировой,1331
победителей,1797
world,214
приглашения,2015
работаем,2145
команду,1103
рекомендации,2237
кнопку,1086
успеха,2800
маркетинг,1254
простой,2107
готова,606
2016,37
серия,2376
студия,2612
весной,406
игре,928
розыгрыш,2260
причем,2039
субботу,2613
инструмент,974
начинают,1461
жизнью,829
перспективы,1758
цветов,2876
продукта,2085
дверь,651
ii,164
игроков,932
финала,2829
разработчики,2181
3d,67
моделей,1353
главных,567
from,158
твоих,2666
руках,2283
сетей,2377
2013,34
заявили,885
ребят,2209
стрим,2605
пол,1859
итоги,1013
53,86
организаций,1647
цб,2873
рук,2281
строить,2609
составит,2501
обсудить,1576
каждое,1020
системе,2391
договор,723
названием,1412
проводит,2061
политику,1865
считаю,2638
памятник,1728
член,2935
хотелось,2862
последнее,1934
производства,2094
вторых,515
участием,2808
идут,941
экспертов,2961
представитель,1993
номера,1537
голов,587
тотал,2723
губернатора,622
важных,363
perseverance,185
каждая,1018
операции,1635
самая,2305
даты,645
решать,2245
pr,186
прежнему,1998
добиться,718
впрочем,487
воздуха,463
мастер,1262
марафон,1253
киев,1067
дорогие,747
вес,405
46,77
различные,2167
турция,2745
англии,260
чай,2899
интернета,986
популярных,1921
47,78
cs,149
уверенно,2755
победу,1798
имеют,960
узнаете,2767
hr,163
живет,824
семь,2363
председатель,1989
германии,556
smm,192
специалиста,2525
сделает,2345
повысить,1801
северной,2353
этап,2968
платформа,1787
бюджет,357
игрока,930
ровно,2255
франции,2843
семья,2366
любить,1225
достижения,752
89,122
94,126
промокоду,2102
регион,2211
играть,927
новинки,1521
драма,766
триллер,2736
средний,2543
успели,2798
промокоды,2103
скидками,2405
получаете,1880
чек,2913
соль,2483
следующей,2416
скорости,2412
недель,1483
доходы,763
илон,953
маск,1257
eth,153
входа,517
спокойно,2531
поддержке,1814
биржи,298
уведомления,2752
заходи,879
экономика,2957
пора,1923
лидеров,1199
расследование,2199
вакансию,365
вакансия,366
минск,1324
кофе,1150
боли,310
хотела,2860
давать,626
главным,566
днр,710
должность,733
09,11
пк,1775
резюме,2231
зп,918
каждым,1026
делаю,676
значительно,911
задания,843
money,176
статья,2580
love,173
дата,644
еспч,805
трёх,2739
москву,1380
долг,727
повышения,1803
спб,2523
могла,1349
бизнесе,294
поздно,1837
клиентами,1075
оценки,1714
главу,568
редактор,2220
китай,1069
выросли,538
вакцин,367
крупнейших,1167
угодно,2758
вниз,449
среду,2546
сверху,2322
продукт,2084
представить,1994
79,114
яйца,2994
республики,2242
vs,209
увеличить,2753
тренды,2731
отвечать,1679
ребенок,2208
кф,1184
тб,2661
турнира,2743
занятость,862
руководством,2288
разработка,2177
основе,1652
просмотров,2105
криптовалют,1162
понимание,1912
везде,395
помогать,1902
оценка,1713
офисе,1708
круто,1170
снижение,2455
боевик,308
лечения,1192
эффективность,2984
заболевания,836
гг,554
красоты,1159
my,177
контакт,1123
категории,1054
волос,474
псж,2130
кожу,1093
тик,2700
отрасли,1704
продолжаем,2078
nike,180
вебинар,391
внимательно,452
активности,239
bitcoin,140
доходность,761
масло,1260
п1,1723
нa,1397
представляет,1995
ethereum,154
добавил,716
разработчиков,2182
крови,1164
defi,150
банков,280
п2,1724
etf,152
